{"name":"FallbackIntent","identifier":"FALLBCKINT","description":"Default intent when no other intent matches","parentIntentSignature":"AMAZON.FallbackIntent","sampleUtterances":null,"intentConfirmationSetting":null,"intentClosingSetting":{"isActive":true,"closingResponse":{"allowInterrupt":true,"messageGroupsList":[{"message":{"imageResponseCard":null,"ssmlMessage":null,"customPayload":null,"plainTextMessage":{"value":"Sorry we did not capture your request"}},"variations":null}]},"nextStep":{"dialogAction":{"type":"EndConversation","slotToElicit":null,"suppressNextMessage":null},"sessionAttributes":null,"intent":{"name":null,"slots":null}}},"initialResponseSetting":{"initialResponse":null,"conditional":null,"codeHook":{"isActive":true,"invocationLabel":null,"postCodeHookSpecification":{"failureResponse":null,"failureNextStep":{"dialogAction":{"type":"EndConversation","slotToElicit":null,"suppressNextMessage":null},"sessionAttributes":null,"intent":null},"failureConditional":null,"successResponse":null,"successNextStep":{"dialogAction":{"type":"CloseIntent","slotToElicit":null,"suppressNextMessage":null},"sessionAttributes":null,"intent":{"name":null,"slots":null}},"successConditional":null,"timeoutResponse":null,"timeoutNextStep":{"dialogAction":{"type":"EndConversation","slotToElicit":null,"suppressNextMessage":null},"sessionAttributes":null,"intent":null},"timeoutConditional":null},"enableCodeHookInvocation":true},"nextStep":{"dialogAction":{"type":"InvokeDialogCodeHook","slotToElicit":null,"suppressNextMessage":null},"sessionAttributes":null,"intent":null}},"inputContexts":null,"outputContexts":null,"kendraConfiguration":null,"dialogCodeHook":null,"fulfillmentCodeHook":null,"slotPriorities":[]}